{
  "test_time": "2026-04-24T20:01:09.260636",
  "duration": 94.74364686012268,
  "total_requests": 247,
  "failed_requests": 0,
  "success_rate": 100.0,
  "response_times": [
    68.11809539794922,
    76.27201080322266,
    61.06066703796387,
    1619.9841499328613,
    1621.9172477722168,
    1615.562915802002,
    1604.9652099609375,
    1594.980001449585,
    2557.8629970550537,
    2547.0778942108154,
    2539.6857261657715,
    2537.2936725616455,
    3478.8050651550293,
    3473.7679958343506,
    3476.7370223999023,
    3471.703052520752,
    3465.0418758392334,
    4385.849237442017,
    4381.688117980957,
    4386.278867721558,
    4382.2021484375,
    4375.516891479492,
    5301.988840103149,
    5296.910762786865,
    5299.032688140869,
    5296.070098876953,
    5290.0800704956055,
    6214.181184768677,
    6208.346128463745,
    6214.19620513916,
    6207.344055175781,
    6302.113056182861,
    13606.37378692627,
    13598.541975021362,
    13593.488216400146,
    13586.102962493896,
    13578.569889068604,
    14528.439044952393,
    14524.018049240112,
    14526.079177856445,
    14519.206762313843,
    14511.586904525757,
    15442.893981933594,
    15436.684608459473,
    15438.74716758728,
    15432.454824447632,
    15426.586866378784,
    16352.756977081299,
    16348.40202331543,
    16352.951049804688,
    16335.145950317383,
    16330.461740493774,
    17262.444019317627,
    16174.262046813965,
    16160.87818145752,
    16152.167081832886,
    16145.894765853882,
    17073.325157165527,
    16141.90673828125,
    16141.001224517822,
    16122.91932106018,
    16117.361783981323,
    16142.486810684204,
    16127.195835113525,
    16128.904342651367,
    16210.738897323608,
    16200.432777404785,
    17351.634979248047,
    17336.405992507935,
    17328.182220458984,
    17326.462984085083,
    17319.786071777344,
    17352.001190185547,
    17338.757753372192,
    17333.60981941223,
    17314.038038253784,
    3034.501075744629,
    17305.480241775513,
    17348.328828811646,
    17239.144802093506,
    17239.092111587524,
    17222.169160842896,
    17214.39790725708,
    10880.24878501892,
    10867.421388626099,
    10868.979930877686,
    10862.866878509521,
    10855.128049850464,
    10883.52918624878,
    10871.933937072754,
    10874.497890472412,
    10856.301069259644,
    10849.842071533203,
    10898.22793006897,
    10883.693218231201,
    10882.369995117188,
    10864.725112915039,
    10857.579946517944,
    11848.588943481445,
    11837.346076965332,
    11830.673933029175,
    11824.431896209717,
    11817.698001861572,
    11855.473041534424,
    11842.727184295654,
    11933.046102523804,
    11922.942161560059,
    11911.844968795776,
    11869.04501914978,
    11855.508804321289,
    11857.471942901611,
    11851.78518295288,
    12778.714179992676,
    11879.231929779053,
    12710.145950317383,
    12694.063901901245,
    12689.933776855469,
    2783.484935760498,
    2805.623769760132,
    11632.521152496338,
    11617.828130722046,
    11621.474981307983,
    11501.118898391724,
    11495.490074157715,
    15939.050912857056,
    15922.566890716553,
    15923.05588722229,
    15915.92812538147,
    15908.484935760498,
    16840.6400680542,
    15948.636054992676,
    15940.494060516357,
    15922.844886779785,
    15915.898084640503,
    16910.619020462036,
    15999.566078186035,
    15978.441953659058,
    15967.339992523193,
    15945.07384300232,
    16851.091861724854,
    15943.68290901184,
    15938.97294998169,
    15920.88794708252,
    15914.252996444702,
    16893.287897109985,
    17015.971899032593,
    17004.396200180054,
    2949.3818283081055,
    2971.6551303863525,
    2982.36083984375,
    2960.6306552886963,
    16997.99919128418,
    16990.752935409546,
    17900.45475959778,
    16054.765939712524,
    16046.188831329346,
    16028.414964675903,
    16021.086931228638,
    16024.245977401733,
    14977.823972702026,
    14969.403982162476,
    17479.445934295654,
    16667.812824249268,
    16655.399799346924,
    16647.384881973267,
    16628.36480140686,
    16718.849897384644,
    16701.42698287964,
    15777.54807472229,
    15762.249946594238,
    15754.596710205078,
    16726.752042770386,
    16721.813917160034,
    15819.581031799316,
    15804.584980010986,
    15797.154903411865,
    16718.20640563965,
    16712.671041488647,
    11515.709161758423,
    11499.852180480957,
    11493.409872055054,
    12424.695014953613,
    12407.508373260498,
    11517.707109451294,
    11502.092123031616,
    11494.674921035767,
    11476.032018661499,
    12411.214113235474,
    11404.740810394287,
    10548.633098602295,
    10531.285047531128,
    10523.553848266602,
    11445.632934570312,
    11443.830966949463,
    10503.416776657104,
    9465.316772460938,
    9447.10111618042,
    25490.535259246826,
    25484.8530292511,
    25483.899116516113,
    25475.88300704956,
    25467.249155044556,
    26438.94910812378,
    25580.15012741089,
    25566.110849380493,
    25558.165788650513,
    25539.576053619385,
    26474.058151245117,
    26469.17200088501,
    26471.647024154663,
    26464.580059051514,
    24001.007080078125,
    24811.994075775146,
    24803.706884384155,
    24798.694133758545,
    24789.902925491333,
    23915.091037750244,
    24836.15803718567,
    24830.36494255066,
    24824.488162994385,
    24821.696043014526,
    23878.690004348755,
    24798.320770263672,
    24790.66801071167,
    24775.171041488647,
    24767.369985580444,
    23860.241174697876,
    24767.39001274109,
    24759.26399230957,
    24743.556261062622,
    24736.71817779541,
    23831.982135772705,
    41293.967962265015,
    41288.90013694763,
    41280.72190284729,
    41274.30319786072,
    41267.2016620636,
    41341.086864471436,
    41326.59602165222,
    41318.31884384155,
    41311.26022338867,
    41303.72095108032,
    41339.54977989197,
    41322.82996177673,
    41309.67903137207,
    41298.83599281311,
    41287.997007369995
  ],
  "memory_usage": [
    {
      "timestamp": "2026-04-24T19:59:34.516988",
      "memory_percent": 79.5,
      "memory_used": 5326.03125,
      "memory_free": 128.046875
    },
    {
      "timestamp": "2026-04-24T19:59:35.624079",
      "memory_percent": 81.1,
      "memory_used": 4992.734375,
      "memory_free": 57.28125
    },
    {
      "timestamp": "2026-04-24T19:59:36.730502",
      "memory_percent": 82.0,
      "memory_used": 4781.234375,
      "memory_free": 64.53125
    },
    {
      "timestamp": "2026-04-24T19:59:37.837059",
      "memory_percent": 83.0,
      "memory_used": 4826.328125,
      "memory_free": 72.875
    },
    {
      "timestamp": "2026-04-24T19:59:38.942347",
      "memory_percent": 82.3,
      "memory_used": 4722.796875,
      "memory_free": 88.109375
    },
    {
      "timestamp": "2026-04-24T19:59:40.044297",
      "memory_percent": 82.3,
      "memory_used": 4732.625,
      "memory_free": 56.96875
    },
    {
      "timestamp": "2026-04-24T19:59:41.148794",
      "memory_percent": 82.6,
      "memory_used": 4763.875,
      "memory_free": 78.515625
    },
    {
      "timestamp": "2026-04-24T19:59:42.255117",
      "memory_percent": 82.3,
      "memory_used": 4720.90625,
      "memory_free": 56.171875
    },
    {
      "timestamp": "2026-04-24T19:59:43.360653",
      "memory_percent": 82.1,
      "memory_used": 4752.625,
      "memory_free": 87.984375
    },
    {
      "timestamp": "2026-04-24T19:59:44.465077",
      "memory_percent": 81.8,
      "memory_used": 4713.765625,
      "memory_free": 111.75
    },
    {
      "timestamp": "2026-04-24T19:59:45.566843",
      "memory_percent": 81.3,
      "memory_used": 4673.140625,
      "memory_free": 90.546875
    },
    {
      "timestamp": "2026-04-24T19:59:46.671796",
      "memory_percent": 81.7,
      "memory_used": 4758.234375,
      "memory_free": 68.03125
    },
    {
      "timestamp": "2026-04-24T19:59:47.776411",
      "memory_percent": 81.8,